,Team,home,rl_odds,rl_outcome,rl_outcome2
0,BOS,1,-111,0,0
1,NYY,0,-107,1,0
2,ATL,1,139,0,0
3,NYM,0,-161,0,0
4,CIN,1,-112,1,0
5,DET,0,-105,0,0
6,BAL,1,106,0,1
7,TBR,0,-124,0,0
8,CHW,1,-108,1,0
9,KCR,0,-110,0,0
10,COL,1,133,0,0
11,SDP,0,-123,0,0
12,CLE,1,131,0,0
13,MIN,0,-150,0,0
14,CHC,1,-108,1,0
15,PIT,0,-110,0,1
16,SFG,1,-154,0,1
17,TEX,0,133,0,0
18,HOU,1,-119,0,0
19,LAA,0,102,0,0
20,OAK,1,-124,0,1
21,SEA,0,107,0,0
22,ARI,1,-134,0,0
23,LAD,0,116,0,1
