,Team,home,ml_odds,ml_outcome,ml_outcome2
0,BOS,1,162,0,0
1,NYY,0,-183,1,1
2,ATL,1,-132,1,0
3,NYM,0,117,0,0
4,CIN,1,-174,1,1
5,DET,0,154,0,0
6,BAL,1,169,0,1
7,TBR,0,-192,1,1
8,CHW,1,-158,1,0
9,KCR,0,141,0,0
10,COL,1,-108,0,0
11,SDP,0,-105,1,0
12,CLE,1,-121,1,1
13,MIN,0,107,0,0
14,CHC,1,-240,1,1
15,PIT,0,188,0,0
16,SFG,1,107,0,1
17,TEX,0,-121,1,0
18,HOU,1,-179,1,1
19,LAA,0,157,0,1
20,OAK,1,-197,1,1
21,SEA,0,173,0,0
22,ARI,1,116,0,0
23,LAD,0,-131,1,1
